{
	"format_version": "1.8.0",
	"animations": {
		"static_idle": {
			"loop": true,
			"bones": {
				"leftHand": {
					"rotation": [107.06948, -26.54246, -157.78735],
					"position": [8.4, -13.02, -11.32],
					"scale": [1, 1.5, 1]
				},
				"rightHand": {
					"rotation": [89.32102, 14.82897, -180.27891],
					"position": [-6.725, -13.3, -0.775],
					"scale": [1, 1.5, 1]
				},
				"constraint": {
					"rotation": [0.2, 0.2, 0.2],
					"position": [0.2, 0.2, 0.2]
				}
			}
		},
		"draw": {
			"animation_length": 0.3,
			"bones": {
				"leftHand": {
					"rotation": [107.07, -26.54, -157.79],
					"position": [8.4, -13.02, -11.32],
					"scale": [1, 1.5, 1]
				},
				"rightHand": {
					"rotation": [89.32, 14.83, -180.28],
					"position": [-6.72, -13.3, -0.77],
					"scale": [1, 1.5, 1]
				},
				"root": {
					"position": {
						"0.0": [0, -20, 0],
						"0.3": [0, 0, 0]
					}
				}
			}
		},
		"put_away": {
			"animation_length": 0.3,
			"bones": {
				"leftHand": {
					"rotation": [107.06948, -26.54246, -157.78735],
					"position": [8.4, -13.02, -11.32],
					"scale": [1, 1.5, 1]
				},
				"rightHand": {
					"rotation": [89.32102, 14.82897, -180.27891],
					"position": [-6.725, -13.3, -0.775],
					"scale": [1, 1.5, 1]
				},
				"root": {
					"position": {
						"0.0": [0, 0, 0],
						"0.3": [0, -17, 0]
					}
				}
			}
		},
		"reload_tactical": {
			"animation_length": 0.1,
			"bones": {
				"leftHand": {
					"rotation": [107.06948, -26.54246, -157.78735],
					"position": [8.4, -13.02, -11.32],
					"scale": [1, 1.5, 1]
				},
				"rightHand": {
					"rotation": [89.32, 14.83, -180.28],
					"position": [-6.72, -13.3, -0.77],
					"scale": [1, 1.5, 1]
				}
			}
		},
		"reload_empty": {
			"animation_length": 1.1,
			"bones": {
				"leftHand": {
					"rotation": [107.06948, -26.54246, -157.78735],
					"position": {
						"0.0": [8.4, -13.02, -11.32],
						"0.5": [8.4, -13.02, -11.32],
						"0.5333": [7.4, -5.02, -5.32],
						"0.6333": [7.4, -5.02, -5.32],
						"0.6667": [7.4, -8.02, -6.32],
						"0.7": [7.4, -8.02, -6.32],
						"0.7333": [7.4, -8.02, -6.32],
						"0.7667": [8.4, -13.02, -11.32]
					},
					"scale": [1, 1.5, 1]
				},
				"rightHand": {
					"rotation": [89.32, 14.83, -180.28],
					"position": [-6.72, -13.3, -0.77],
					"scale": [1, 1.5, 1]
				},
				"root": {
					"rotation": {
						"0.0": [0, 0, 0],
						"0.1333": [0, 0, 0],
						"0.1667": [-12.65933, 18.18423, 50.19681],
						"0.3": [-12.65933, 18.18423, 50.19681],
						"0.3333": [-44.06412, 24.78235, 46.37326],
						"0.4667": [-44.06412, 24.78235, 46.37326],
						"0.5": [-4.06, 24.78, 46.37],
						"0.6333": [-4.06, 24.78, 46.37],
						"0.6667": [-4.06, 24.78, 46.37],
						"0.7667": [-4.06, 24.78, 46.37],
						"0.8": [-4.06, 24.78, 46.37],
						"0.9333": [-4.06, 24.78, 46.37],
						"0.9667": [0, 0, 0]
					},
					"position": {
						"0.0": [0, 0, 0],
						"0.1333": [0, 0, 0],
						"0.1667": [0, -3, 1],
						"0.3": [0, -3, 1],
						"0.3333": [0, -3, 1],
						"0.4667": [0, -3, 1],
						"0.5": [0, -4.525, 1],
						"0.6333": [0, -4.525, 1],
						"0.6667": [0, -6, 0],
						"0.7667": [0, -6, 0],
						"0.8": [-1, -4, 2],
						"0.9333": [-1, -4, 2],
						"0.9667": [0, 0, 0]
					}
				},
				"front_part": {
					"rotation": {
						"0.0": [0, 0, 0],
						"0.5": [0, 0, 0],
						"0.5333": [65, 0, 0],
						"0.7333": [65, 0, 0],
						"0.7667": [0, 0, 0]
					},
					"position": {
						"0.0": [0, 0, 0],
						"0.5": [0, 0, 0],
						"0.5333": [0, 0, 0],
						"0.7333": [0, 0, 0],
						"0.7667": [0, 0, 0]
					}
				},
				"bullet_1": {
					"rotation": {
						"0.0": [0, 0, 0],
						"0.5": [0, 0, 0],
						"0.5333": [0, 0, 0],
						"0.6333": [0, 0, 0],
						"0.6667": [0, 0, 0]
					},
					"position": {
						"0.0": [0, 0, 0],
						"0.5": [0, 0, 0],
						"0.5333": [0, 0, 4],
						"0.6333": [0, 0, 4],
						"0.6667": [0, 0, 0]
					}
				},
				"bullet_2": {
					"rotation": {
						"0.0": [0, 0, 0],
						"0.5": [0, 0, 0],
						"0.5333": [0, 0, 0],
						"0.6333": [0, 0, 0],
						"0.6667": [0, 0, 0]
					},
					"position": {
						"0.0": [0, 0, 0],
						"0.5": [0, 0, 0],
						"0.5333": [0, 0, 4],
						"0.6333": [0, 0, 4],
						"0.6667": [0, 0, 0]
					}
				}
			},
			"sound_effects": {
				"0.0": {
					"effect": "ex:doom/doom_reload"
				}
			}
		},
		"shoot": {
			"loop": true,
			"animation_length": 0.2
		},
		"inspect": {
			"loop": true,
			"bones": {
				"constraint": {
					"rotation": [0.2, 0.2, 0.2],
					"position": [0.2, 0.2, 0.2]
				},
				"rightHand": {
					"rotation": [89.32102, 14.82897, -180.27891],
					"position": [-6.725, -13.3, -0.775],
					"scale": [1, 1.5, 1]
				},
				"leftHand": {
					"rotation": [107.06948, -26.54246, -157.78735],
					"position": [8.4, -13.02, -11.32],
					"scale": [1, 1.5, 1]
				}
			},
			"sound_effects": {
				"0.0": {
					"effect": "ex:inspect/inspect"
				}
			}
		},
		"inspect_empty": {
			"loop": true,
			"bones": {
				"constraint": {
					"rotation": [0.2, 0.2, 0.2],
					"position": [0.2, 0.2, 0.2]
				},
				"rightHand": {
					"rotation": [89.32102, 14.82897, -180.27891],
					"position": [-6.725, -13.3, -0.775],
					"scale": [1, 1.5, 1]
				},
				"leftHand": {
					"rotation": [107.06948, -26.54246, -157.78735],
					"position": [8.4, -13.02, -11.32],
					"scale": [1, 1.5, 1]
				}
			},
			"sound_effects": {
				"0.0": {
					"effect": "ex:inspect/empty_inspect"
				}
			}
		},
		"run": {
			"loop": true,
			"animation_length": 1,
			"bones": {
				"root": {
					"position": {
						"0.0": {
							"post": [1, 0, 0],
							"lerp_mode": "catmullrom"
						},
						"0.25": {
							"post": [0, -1, 0],
							"lerp_mode": "catmullrom"
						},
						"0.5": {
							"post": [-1, 0, 0],
							"lerp_mode": "catmullrom"
						},
						"0.75": {
							"post": [0, -1, 0],
							"lerp_mode": "catmullrom"
						},
						"1.0": {
							"post": [1, 0, 0],
							"lerp_mode": "catmullrom"
						}
					}
				}
			}
		},
		"run_hold": {
			"loop": true,
			"bones": {
				"root": {
					"rotation": [0, 0, 0],
					"position": [0, 0, 0]
				},
				"constraint": {
					"rotation": [0, 0, 0],
					"position": [0.1, 0, 0.25]
				}
			}
		},
		"run_start": {
			"loop": true,
			"animation_length": 0.0833,
			"bones": {
				"root": {
					"rotation": {
						"0.0": {
							"post": [0, 0, 0],
							"lerp_mode": "catmullrom"
						}
					},
					"position": {
						"0.0": {
							"post": [0, 0, 0],
							"lerp_mode": "catmullrom"
						}
					}
				},
				"constraint": {
					"rotation": [0, 0, 0],
					"position": [0.1, 0, 0.25]
				}
			}
		},
		"run_end": {
			"loop": true,
			"animation_length": 0.0833,
			"bones": {
				"root": {
					"rotation": {
						"0.0": {
							"post": [0, 0, 0],
							"lerp_mode": "catmullrom"
						}
					},
					"position": {
						"0.0": {
							"post": [0, 0, 0],
							"lerp_mode": "catmullrom"
						}
					}
				},
				"constraint": {
					"rotation": [0, 0, 0],
					"position": [0.1, 0, 0.25]
				}
			}
		},
		"melee_stock": {
			"animation_length": 0.0333,
			"bones": {
				"root": {
					"rotation": [0, 0, 0],
					"position": [0, 0, 0]
				}
			}
		}
	}
}