{
	"format_version": "1.8.0",
	"animations": {
		"static_idle": {
			"loop": true,
			"bones": {
				"lefthand_pos": {
					"rotation": [87.18203, -27.47162, 1.30078],
					"position": [0, -4.5, 13]
				},
				"righthand_pos": {
					"rotation": [72.33978, 19.98015, -0.90956],
					"position": [0, -3.5, 0]
				},
				"camera": {
					"position": [2, 0, 5.1]
				},
				"root": {
					"position": [0, 0, 3.5]
				}
			}
		},
		"draw": {
			"loop": "hold_on_last_frame",
			"animation_length": 0.5417,
			"bones": {
				"root": {
					"rotation": {
						"0.0": [-102.5, 0, 0],
						"0.1667": [-50, 0, 0],
						"0.375": [0, 0, 0],
						"0.4167": [24.17, 0, 0],
						"0.5": [11.67, 0, 0],
						"0.5417": [0, 0, 0]
					},
					"position": {
						"0.0": [0, -10, 12],
						"0.1667": [0, -4, 12],
						"0.2917": [0, 0, 12],
						"0.3333": [0, 0.5, 4.5],
						"0.5417": [0, 0, 3.5]
					}
				},
				"lefthand_pos": {
					"rotation": [87.182, -27.4716, 1.3008],
					"position": [0, -4.5, 13]
				},
				"righthand_pos": {
					"rotation": {
						"0.0": [72.3398, 19.9801, -0.9096],
						"0.1667": [-45.23502, 16.3882, 15.63367],
						"0.2083": [72.3398, 19.9801, -0.9096]
					},
					"position": {
						"0.0": [0, -3.5, 0],
						"0.1667": [-1, 0, -9.5],
						"0.2083": [0, -3.5, 0]
					}
				},
				"camera": {
					"rotation": {
						"0.0": [0, 0, 0],
						"0.375": [0, 0, 0],
						"0.4167": [1.5, 0, 0],
						"0.5": [0, 0, 0]
					}
				}
			}
		},
		"reload_tactical": {
			"animation_length": 1.1667,
			"bones": {
				"root": {
					"rotation": {
						"0.0": [0, 0, 0],
						"0.1667": [-27.5, 0, 0],
						"0.9167": [-27.5, 0, 0],
						"1.0": [0, 0, 0]
					},
					"position": [0, 0, 3.5]
				},
				"lefthand_pos": {
					"rotation": [87.18203, -27.47162, 1.30078],
					"position": [0, -4.5, 13]
				},
				"righthand_pos": {
					"rotation": {
						"0.0": [72.33978, 19.98015, -0.90956],
						"0.1667": [64.83978, 19.98015, -0.90956],
						"0.25": [54.83978, 19.98015, -0.90956],
						"0.3333": [64.83978, 19.98015, -0.90956],
						"0.6667": [64.83978, 19.98015, -0.90956],
						"0.9167": [74.83978, 19.98015, -0.90956],
						"1.1667": [72.33978, 19.98015, -0.90956]
					},
					"position": {
						"0.0": [0, -3.5, 0],
						"0.1667": [-1.5, -8.5, 2],
						"0.25": [-1.5, -11.5, -2.5],
						"0.3333": [9, -33.5, -5],
						"0.6667": [9, -33.5, -5],
						"0.8333": [-1.5, -9, -0.5],
						"0.9167": [-1.5, -9, 1.325],
						"1.1667": [0, -3.5, 0]
					}
				},
				"magrelease": {
					"rotation": {
						"0.0": [0, 0, 0],
						"0.1667": [0, 0, 0],
						"0.25": [-15, 0, 0],
						"0.3333": [0, 0, 0],
						"0.8333": [0, 0, 0],
						"0.9167": [-15, 0, 0],
						"1.0": [0, 0, 0]
					}
				},
				"mag_standard": {
					"rotation": {
						"0.0": [0, 0, 0],
						"0.1667": [0, 0, 0],
						"0.25": [-20, 0, 0],
						"0.8333": [-20, 0, 0],
						"0.9167": [0, 0, 0]
					},
					"position": {
						"0.0": [0, 0, 0],
						"0.1667": [0, 0, 0],
						"0.25": [0, 0, 0],
						"0.3333": [10, -23, -7],
						"0.6667": [10, -23, -7],
						"0.8333": [-0.05, 0.5, 0.5],
						"0.9167": [0, 0, 0]
					}
				}
			}
		},
		"reload_empty": {
			"animation_length": 2.2894,
			"bones": {
				"root": {
					"rotation": {
						"0.0": [0, 0, 0],
						"0.1832": [-27.5, 0, 0],
						"1.0073": [-27.5, 0, 0],
						"1.1905": [0, 0, 57.5],
						"1.8315": [0, 0, 57.5],
						"1.9231": [0, 0, 0]
					},
					"position": [0, 0, 3.5]
				},
				"lefthand_pos": {
					"rotation": [87.18203, -27.47162, 1.30078],
					"position": [0, -4.5, 13]
				},
				"righthand_pos": {
					"rotation": {
						"0.0": [72.33978, 19.98015, -0.90956],
						"0.1832": [64.83978, 19.98015, -0.90956],
						"0.2747": [54.83978, 19.98015, -0.90956],
						"0.3663": [64.83978, 19.98015, -0.90956],
						"0.7326": [64.83978, 19.98015, -0.90956],
						"1.0073": [74.83978, 19.98015, -0.90956],
						"1.2821": [69.97269, -15.09671, -88.0432],
						"1.3736": [3.57101, 17.37717, -180.49952],
						"1.8315": [3.57101, 17.37717, -180.49952],
						"2.1062": [72.33978, 19.98015, -0.90956]
					},
					"position": {
						"0.0": [0, -3.5, 0],
						"0.1832": [-1.5, -8.5, 2],
						"0.2747": [-1.5, -11.5, -2.5],
						"0.3663": [9, -33.5, -5],
						"0.7326": [9, -33.5, -5],
						"0.9158": [-1.5, -9, -0.5],
						"1.0073": [-1.5, -9, 1.325],
						"1.0989": [1.5, -9, 1.33],
						"1.1905": [1.5, 4, 1.33],
						"1.2821": [-4, 4, 1.33],
						"1.3736": [2.5, 13, -5.67],
						"1.5568": [2.5, 13, -2.67],
						"1.7399": [2.5, 13, -2.67],
						"1.8315": [-6.5, 13, -2.67],
						"2.1062": [0, -3.5, 0]
					}
				},
				"magrelease": {
					"rotation": {
						"0.0": [0, 0, 0],
						"0.1832": [0, 0, 0],
						"0.2747": [-15, 0, 0],
						"0.3663": [0, 0, 0],
						"0.9158": [0, 0, 0],
						"1.0073": [-15, 0, 0],
						"1.0989": [0, 0, 0]
					}
				},
				"mag_standard": {
					"rotation": {
						"0.0": [0, 0, 0],
						"0.1832": [0, 0, 0],
						"0.2747": [-20, 0, 0],
						"0.9158": [-20, 0, 0],
						"1.0073": [0, 0, 0]
					},
					"position": {
						"0.0": [0, 0, 0],
						"0.1832": [0, 0, 0],
						"0.2747": [0, 0, 0],
						"0.3663": [10, -23, -7],
						"0.7326": [10, -23, -7],
						"0.9158": [-0.05, 0.5, 0.5],
						"1.0073": [0, 0, 0]
					}
				},
				"1014_bolt": {
					"position": {
						"0.0": [0, 0, 0],
						"1.4652": [0, 0, 0],
						"1.5568": [0, 0, 4],
						"1.7399": [0, 0, 4],
						"1.8315": [0, 0, 0]
					}
				},
				"camera": {
					"rotation": {
						"0.0": [0, 0, 0],
						"1.1905": [0, 0, 0],
						"1.2821": [10, 0, -17.5],
						"1.7399": [10, 0, -17.5],
						"2.0147": [0, 0, 0]
					},
					"position": {
						"0.0": [0, 0, 0],
						"1.1905": [0, 0, 0],
						"1.2821": [-1, 0, 0],
						"1.7399": [-1, 0, 0],
						"2.0147": [0, 0, 0]
					}
				}
			}
		},
		"inspect": {
			"animation_length": 6.5,
			"bones": {
				"root": {
					"rotation": {
						"0.0": [0, 0, 0],
						"0.4": [0, 0, 0],
						"0.6": [56.27794, -71.82124, -74.54799],
						"0.7": [56.27794, -71.82124, -74.54799],
						"0.8": [56.27794, -71.82124, -74.54799],
						"0.9": [56.27794, -71.82124, -74.54799],
						"1.0": [56.27794, -71.82124, -74.54799],
						"1.1": [56.27794, -71.82124, -74.54799],
						"1.2": [56.27794, -71.82124, -74.54799],
						"1.3": [56.27794, -71.82124, -74.54799],
						"1.4": [56.27794, -71.82124, -74.54799],
						"1.5": [56.27794, -71.82124, -74.54799],
						"1.6": [56.27794, -71.82124, -74.54799],
						"1.7": [56.27794, -71.82124, -74.54799],
						"1.8": [56.27794, -71.82124, -74.54799],
						"1.9": [56.27794, -71.82124, -74.54799],
						"2.0": [56.27794, -71.82124, -74.54799],
						"2.1": [56.27794, -71.82124, -74.54799],
						"2.2": [56.27794, -71.82124, -74.54799],
						"2.3": [56.27794, -71.82124, -74.54799],
						"2.4": [56.27794, -71.82124, -74.54799],
						"2.5": [56.27794, -71.82124, -74.54799],
						"2.6": [56.27794, -71.82124, -74.54799],
						"2.7": [56.27794, -71.82124, -74.54799],
						"2.8": [56.27794, -71.82124, -74.54799],
						"2.9": [56.27794, -71.82124, -74.54799],
						"3.2": [-24.63948, -5.20955, 79.27771],
						"5.7": [-24.63948, -5.20955, 79.27771],
						"6.1": [-24.63948, -5.20955, 79.27771],
						"6.5": [0, 0, 0]
					},
					"position": {
						"0.0": [0, 0, 3.5],
						"0.4": [0, 0, 0],
						"0.6": [-7, -0.5, -6.5],
						"0.7": [-7, -0.5, -6.5],
						"0.8": [-7, -0.5, -6.5],
						"0.9": [-7, -0.5, -6.5],
						"1.0": [-7, -0.5, -6.5],
						"1.1": [-7, -0.5, -6.5],
						"1.2": [-7, -0.5, -6.5],
						"1.3": [-7, -0.5, -6.5],
						"1.4": [-7, -0.5, -6.5],
						"1.5": [-7, -0.5, -6.5],
						"1.6": [-7, -0.5, -6.5],
						"1.7": [-7, -0.5, -6.5],
						"1.8": [-7, -0.5, -6.5],
						"1.9": [-7, -0.5, -6.5],
						"2.0": [-7, -0.5, -6.5],
						"2.1": [-7, -0.5, -6.5],
						"2.2": [-7, -0.5, -6.5],
						"2.3": [-7, -0.5, -6.5],
						"2.4": [-7, -0.5, -6.5],
						"2.5": [-7, -0.5, -6.5],
						"2.6": [-7, -0.5, -6.5],