{
  "credit": "Made with Blockbench",
  "parent": "builtin/entity",
  "texture_size": [
    32,
    32
  ],
  "display": {
    "thirdperson_righthand": {
      "rotation": [
        -180,
        0,
        0
      ],
      "translation": [
        0,
        6.5,
        1.5
      ],
      "scale": [
        0.8,
        0.8,
        0.8
      ]
    },
    "thirdperson_lefthand": {
      "rotation": [
        -180,
        0,
        0
      ],
      "translation": [
        0,
        6.5,
        1.5
      ],
      "scale": [
        0.8,
        0.8,
        0.8
      ]
    },
    "firstperson_righthand": {
      "rotation": [
        143.30000000000018,
        7.769999999999982,
        3.099999999999909
      ],
      "translation": [
        4,
        7.5,
        -5.25
      ]
    },
    "firstperson_lefthand": {
      "rotation": [
        143.30000000000018,
        7.769999999999982,
        3.099999999999909
      ],
      "translation": [
        4,
        7.5,
        -5.25
      ]
    },
    "ground": {
      "rotation": [
        -0.4699999999997999,
        -3.3600000000001273,
        88.0300000000002
      ],
      "translation": [
        13,
        -0.25,
        0.75
      ],
      "scale": [
        0.8,
        0.8,
        0.8
      ]
    },
    "gui": {
      "rotation": [
        90,
        45,
        90
      ],
      "translation": [
        8.25,
        8,
        0
      ],
      "scale": [
        0.5,
        0.587890625,
        0.587890625
      ]
    },
    "head": {
      "rotation": [
        90,
        53,
        90
      ],
      "translation": [
        7.75,
        -5.5,
        4
      ]
    },
    "fixed": {
      "rotation": [
        90,
        0,
        -90
      ],
      "translation": [
        -36.25,
        0,
        -1
      ],
      "scale": [
        2,
        2,
        2
      ]
    }
  },
  "textures": {
    "particle": "cosmosstuff:item/quasaris_tenuis"
  }
}